year;Process/Storage;Direction;Commodity;ratio;ratio-min;source
2013;Battery_2013;In;Elec;0,9;;unclear
2013;Battery_2013;Out;Elec;0,9;;unclear
2013;Bioenergy_2013;In;Bioenergy;2,94;;ETRI 2014 p.70
2013;Bioenergy_2013;Out;Elec;1;;ETRI 2014 p.70
2020;Bioenergy_2020;In;Bioenergy;2,86;;ETRI 2014 p.70
2020;Bioenergy_2020;Out;Elec;1;;ETRI 2014 p.70
2030;Bioenergy_2030;In;Bioenergy;2,78;;ETRI 2014 p.70
2030;Bioenergy_2030;Out;Elec;1;;ETRI 2014 p.70
2040;Bioenergy_2040;In;Bioenergy;2,63;;ETRI 2014 p.70
2040;Bioenergy_2040;Out;Elec;1;;ETRI 2014 p.70
2050;Bioenergy_2050;In;Bioenergy;2,63;;ETRI 2014 p.70
2050;Bioenergy_2050;Out;Elec;1;;ETRI 2014 p.70
2016;Bioenergy_2016;In;Bioenergy;2,9;;lin interpolation of ETRI 2014 p.70
2016;Bioenergy_2016;Out;Elec;1;;lin interpolation of ETRI 2014 p.70
2025;Bioenergy_2025;In;Bioenergy;2,82;;lin interpolation of ETRI 2014 p.70
2025;Bioenergy_2025;Out;Elec;1;;lin interpolation of ETRI 2014 p.70
2035;Bioenergy_2035;In;Bioenergy;2,71;;lin interpolation of ETRI 2014 p.70
2035;Bioenergy_2035;Out;Elec;1;;lin interpolation of ETRI 2014 p.70
2037;Bioenergy_2037;In;Bioenergy;2,67;;lin interpolation of ETRI 2014 p.70
2037;Bioenergy_2037;Out;Elec;1;;lin interpolation of ETRI 2014 p.70
2013;Coal_2013;In;Coal;2,22;;ETRI 2014 p.42
2013;Coal_2013;Out;CO2;0,89;;ETRI 2014 p.42
2013;Coal_2013;Out;Elec;1;;ETRI 2014 p.42
2020;Coal_2020;In;Coal;2,17;;ETRI 2014 p.42
2020;Coal_2020;Out;CO2;0,88;;ETRI 2014 p.42
2020;Coal_2020;Out;Elec;1;;ETRI 2014 p.42
2030;Coal_2030;In;Coal;2,08;;ETRI 2014 p.42
2030;Coal_2030;Out;CO2;0,84;;ETRI 2014 p.42
2030;Coal_2030;Out;Elec;1;;ETRI 2014 p.42
2040;Coal_2040;In;Coal;2,08;;ETRI 2014 p.42
2040;Coal_2040;Out;CO2;0,84;;ETRI 2014 p.42
2040;Coal_2040;Out;Elec;1;;ETRI 2014 p.42
2050;Coal_2050;In;Coal;2,08;;ETRI 2014 p.42
2050;Coal_2050;Out;CO2;0,84;;ETRI 2014 p.42
2050;Coal_2050;Out;Elec;1;;ETRI 2014 p.42
2016;Coal_2016;In;Coal;2,22;;lin interpolation of ETRI 2014 p.42
2016;Coal_2016;Out;CO2;0,89;;lin interpolation of ETRI 2014 p.42
2016;Coal_2016;Out;Elec;1;;lin interpolation of ETRI 2014 p.42
2025;Coal_2025;In;Coal;2,13;;lin interpolation of ETRI 2014 p.42
2025;Coal_2025;Out;CO2;0,86;;lin interpolation of ETRI 2014 p.42
2025;Coal_2025;Out;Elec;1;;lin interpolation of ETRI 2014 p.42
2035;Coal_2035;In;Coal;2,08;;lin interpolation of ETRI 2014 p.42
2035;Coal_2035;Out;CO2;0,84;;lin interpolation of ETRI 2014 p.42
2035;Coal_2035;Out;Elec;1;;lin interpolation of ETRI 2014 p.42
2037;Coal_2037;In;Coal;2,08;;lin interpolation of ETRI 2014 p.42
2037;Coal_2037;Out;CO2;0,84;;lin interpolation of ETRI 2014 p.42
2037;Coal_2037;Out;Elec;1;;lin interpolation of ETRI 2014 p.42
2013;Gas_CC_2013;In;Gas;1,72;;ETRI 2014 p.40
2013;Gas_CC_2013;Out;CO2;0,37;;ETRI 2014 p.40
2013;Gas_CC_2013;Out;Elec;1;;ETRI 2014 p.40
2020;Gas_CC_2020;In;Gas;1,67;;ETRI 2014 p.40
2020;Gas_CC_2020;Out;CO2;0,36;;ETRI 2014 p.40
2020;Gas_CC_2020;Out;Elec;1;;ETRI 2014 p.40
2030;Gas_CC_2030;In;Gas;1,61;;ETRI 2014 p.40
2030;Gas_CC_2030;Out;CO2;0,35;;ETRI 2014 p.40
2030;Gas_CC_2030;Out;Elec;1;;ETRI 2014 p.40
2040;Gas_CC_2040;In;Gas;1,61;;ETRI 2014 p.40
2040;Gas_CC_2040;Out;CO2;0,35;;ETRI 2014 p.40
2040;Gas_CC_2040;Out;Elec;1;;ETRI 2014 p.40
2050;Gas_CC_2050;In;Gas;1,59;;ETRI 2014 p.40
2050;Gas_CC_2050;Out;CO2;0,34;;ETRI 2014 p.40
2050;Gas_CC_2050;Out;Elec;1;;ETRI 2014 p.40
2016;Gas_CC_2016;In;Gas;1,69;;lin interpolation of ETRI 2014 p.40
2016;Gas_CC_2016;Out;CO2;0,37;;lin interpolation of ETRI 2014 p.40
2016;Gas_CC_2016;Out;Elec;1;;lin interpolation of ETRI 2014 p.40
2025;Gas_CC_2025;In;Gas;1,64;;lin interpolation of ETRI 2014 p.40
2025;Gas_CC_2025;Out;CO2;0,355;;lin interpolation of ETRI 2014 p.40
2025;Gas_CC_2025;Out;Elec;1;;lin interpolation of ETRI 2014 p.40
2035;Gas_CC_2035;In;Gas;1,61;;lin interpolation of ETRI 2014 p.40
2035;Gas_CC_2035;Out;CO2;0,35;;lin interpolation of ETRI 2014 p.40
2035;Gas_CC_2035;Out;Elec;1;;lin interpolation of ETRI 2014 p.40
2037;Gas_CC_2037;In;Gas;1,61;;lin interpolation of ETRI 2014 p.40
2037;Gas_CC_2037;Out;CO2;0,35;;lin interpolation of ETRI 2014 p.40
2037;Gas_CC_2037;Out;Elec;1;;lin interpolation of ETRI 2014 p.40
2013;Gas_GT_2013;In;Gas;2,5;;ETRI 2014 p.39
2013;Gas_GT_2013;Out;CO2;0,575;;ETRI 2014 p.39
2013;Gas_GT_2013;Out;Elec;1;;ETRI 2014 p.39
2020;Gas_GT_2020;In;Gas;2,5;;ETRI 2014 p.39
2020;Gas_GT_2020;Out;CO2;0,575;;ETRI 2014 p.39
2020;Gas_GT_2020;Out;Elec;1;;ETRI 2014 p.39
2030;Gas_GT_2030;In;Gas;2,33;;ETRI 2014 p.39
2030;Gas_GT_2030;Out;CO2;0,535;;ETRI 2014 p.39
2030;Gas_GT_2030;Out;Elec;1;;ETRI 2014 p.39
2040;Gas_GT_2040;In;Gas;2,27;;ETRI 2014 p.39
2040;Gas_GT_2040;Out;CO2;0,525;;ETRI 2014 p.39
2040;Gas_GT_2040;Out;Elec;1;;ETRI 2014 p.39
2050;Gas_GT_2050;In;Gas;2,22;;ETRI 2014 p.39
2050;Gas_GT_2050;Out;CO2;0,51;;ETRI 2014 p.39
2050;Gas_GT_2050;Out;Elec;1;;ETRI 2014 p.39
2016;Gas_GT_2016;In;Gas;2,5;;lin interpolation of ETRI 2014 p.39
2016;Gas_GT_2016;Out;CO2;0,575;;lin interpolation of ETRI 2014 p.39
2016;Gas_GT_2016;Out;Elec;1;;lin interpolation of ETRI 2014 p.39
2025;Gas_GT_2025;In;Gas;2,42;;lin interpolation of ETRI 2014 p.39
2025;Gas_GT_2025;Out;CO2;0,555;;lin interpolation of ETRI 2014 p.39
2025;Gas_GT_2025;Out;Elec;1;;lin interpolation of ETRI 2014 p.39
2035;Gas_GT_2035;In;Gas;2,3;;lin interpolation of ETRI 2014 p.39
2035;Gas_GT_2035;Out;CO2;0,53;;lin interpolation of ETRI 2014 p.39
2035;Gas_GT_2035;Out;Elec;1;;lin interpolation of ETRI 2014 p.39
2037;Gas_GT_2037;In;Gas;2,285;;lin interpolation of ETRI 2014 p.39
2037;Gas_GT_2037;Out;CO2;0,528;;lin interpolation of ETRI 2014 p.39
2037;Gas_GT_2037;Out;Elec;1;;lin interpolation of ETRI 2014 p.39
2013;Gas_IC_2013;In;Gas;2,11;;Average of Gas_CC and Gas_GT
2013;Gas_IC_2013;Out;CO2;0,4725;;Average of Gas_CC and Gas_GT
2013;Gas_IC_2013;Out;Elec;1;;Average of Gas_CC and Gas_GT
2020;Gas_IC_2020;In;Gas;2,085;;Average of Gas_CC and Gas_GT
2020;Gas_IC_2020;Out;CO2;0,4675;;Average of Gas_CC and Gas_GT
2020;Gas_IC_2020;Out;Elec;1;;Average of Gas_CC and Gas_GT
2030;Gas_IC_2030;In;Gas;1,97;;Average of Gas_CC and Gas_GT
2030;Gas_IC_2030;Out;CO2;0,4425;;Average of Gas_CC and Gas_GT
2030;Gas_IC_2030;Out;Elec;1;;Average of Gas_CC and Gas_GT
2040;Gas_IC_2040;In;Gas;1,94;;Average of Gas_CC and Gas_GT
2040;Gas_IC_2040;Out;CO2;0,4375;;Average of Gas_CC and Gas_GT
2040;Gas_IC_2040;Out;Elec;1;;Average of Gas_CC and Gas_GT
2050;Gas_IC_2050;In;Gas;1,905;;Average of Gas_CC and Gas_GT
2050;Gas_IC_2050;Out;CO2;0,425;;Average of Gas_CC and Gas_GT
2050;Gas_IC_2050;Out;Elec;1;;Average of Gas_CC and Gas_GT
2016;Gas_IC_2016;In;Gas;2,095;;Average of Gas_CC and Gas_GT
2016;Gas_IC_2016;Out;CO2;0,4725;;Average of Gas_CC and Gas_GT
2016;Gas_IC_2016;Out;Elec;1;;Average of Gas_CC and Gas_GT
2025;Gas_IC_2025;In;Gas;2,03;;Average of Gas_CC and Gas_GT
2025;Gas_IC_2025;Out;CO2;0,455;;Average of Gas_CC and Gas_GT
2025;Gas_IC_2025;Out;Elec;1;;Average of Gas_CC and Gas_GT
2035;Gas_IC_2035;In;Gas;1,955;;Average of Gas_CC and Gas_GT
2035;Gas_IC_2035;Out;CO2;0,44;;Average of Gas_CC and Gas_GT
2035;Gas_IC_2035;Out;Elec;1;;Average of Gas_CC and Gas_GT
2037;Gas_IC_2037;In;Gas;1,9475;;Average of Gas_CC and Gas_GT
2037;Gas_IC_2037;Out;CO2;0,439;;Average of Gas_CC and Gas_GT
2037;Gas_IC_2037;Out;Elec;1;;Average of Gas_CC and Gas_GT
2013;Gas_ST_2013;In;Gas;2,63;;ETRI 2014 p.38
2013;Gas_ST_2013;Out;CO2;0,635;;ETRI 2014 p.38
2013;Gas_ST_2013;Out;Elec;1;;ETRI 2014 p.38
2020;Gas_ST_2020;In;Gas;2,63;;ETRI 2014 p.38
2020;Gas_ST_2020;Out;CO2;0,635;;ETRI 2014 p.38
2020;Gas_ST_2020;Out;Elec;1;;ETRI 2014 p.38
2030;Gas_ST_2030;In;Gas;2,63;;ETRI 2014 p.38
2030;Gas_ST_2030;Out;CO2;0,635;;ETRI 2014 p.38
2030;Gas_ST_2030;Out;Elec;1;;ETRI 2014 p.38
2040;Gas_ST_2040;In;Gas;2,63;;ETRI 2014 p.38
2040;Gas_ST_2040;Out;CO2;0,635;;ETRI 2014 p.38
2040;Gas_ST_2040;Out;Elec;1;;ETRI 2014 p.38
2050;Gas_ST_2050;In;Gas;2,63;;ETRI 2014 p.38
2050;Gas_ST_2050;Out;CO2;0,635;;ETRI 2014 p.38
2050;Gas_ST_2050;Out;Elec;1;;ETRI 2014 p.38
2016;Gas_ST_2016;In;Gas;2,63;;ETRI 2014 p.38
2016;Gas_ST_2016;Out;CO2;0,635;;ETRI 2014 p.38
2016;Gas_ST_2016;Out;Elec;1;;ETRI 2014 p.38
2025;Gas_ST_2025;In;Gas;2,63;;ETRI 2014 p.38
2025;Gas_ST_2025;Out;CO2;0,635;;ETRI 2014 p.38
2025;Gas_ST_2025;Out;Elec;1;;ETRI 2014 p.38
2035;Gas_ST_2035;In;Gas;2,63;;ETRI 2014 p.38
2035;Gas_ST_2035;Out;CO2;0,635;;ETRI 2014 p.38
2035;Gas_ST_2035;Out;Elec;1;;ETRI 2014 p.38
2037;Gas_ST_2037;In;Gas;2,63;;ETRI 2014 p.38
2037;Gas_ST_2037;Out;CO2;0,635;;ETRI 2014 p.38
2037;Gas_ST_2037;Out;Elec;1;;ETRI 2014 p.38
2013;Oil_GT_2013;In;Gas;2,5;;Like Gas_GT, +50% emissions
2013;Oil_GT_2013;Out;CO2;0,8625;;Like Gas_GT, +50% emissions
2013;Oil_GT_2013;Out;Elec;1;;Like Gas_GT, +50% emissions
2020;Oil_GT_2020;In;Gas;2,5;;Like Gas_GT, +50% emissions
2020;Oil_GT_2020;Out;CO2;0,8625;;Like Gas_GT, +50% emissions
2020;Oil_GT_2020;Out;Elec;1;;Like Gas_GT, +50% emissions
2030;Oil_GT_2030;In;Gas;2,33;;Like Gas_GT, +50% emissions
2030;Oil_GT_2030;Out;CO2;0,8025;;Like Gas_GT, +50% emissions
2030;Oil_GT_2030;Out;Elec;1;;Like Gas_GT, +50% emissions
2040;Oil_GT_2040;In;Gas;2,27;;Like Gas_GT, +50% emissions
2040;Oil_GT_2040;Out;CO2;0,7875;;Like Gas_GT, +50% emissions
2040;Oil_GT_2040;Out;Elec;1;;Like Gas_GT, +50% emissions
2050;Oil_GT_2050;In;Gas;2,22;;Like Gas_GT, +50% emissions
2050;Oil_GT_2050;Out;CO2;0,765;;Like Gas_GT, +50% emissions
2050;Oil_GT_2050;Out;Elec;1;;Like Gas_GT, +50% emissions
2016;Oil_GT_2016;In;Gas;2,5;;Like Gas_GT, +50% emissions
2016;Oil_GT_2016;Out;CO2;0,8625;;Like Gas_GT, +50% emissions
2016;Oil_GT_2016;Out;Elec;1;;Like Gas_GT, +50% emissions
2025;Oil_GT_2025;In;Gas;2,42;;Like Gas_GT, +50% emissions
2025;Oil_GT_2025;Out;CO2;0,8325;;Like Gas_GT, +50% emissions
2025;Oil_GT_2025;Out;Elec;1;;Like Gas_GT, +50% emissions
2035;Oil_GT_2035;In;Gas;2,3;;Like Gas_GT, +50% emissions
2035;Oil_GT_2035;Out;CO2;0,795;;Like Gas_GT, +50% emissions
2035;Oil_GT_2035;Out;Elec;1;;Like Gas_GT, +50% emissions
2037;Oil_GT_2037;In;Gas;2,285;;Like Gas_GT, +50% emissions
2037;Oil_GT_2037;Out;CO2;0,792;;Like Gas_GT, +50% emissions
2037;Oil_GT_2037;Out;Elec;1;;Like Gas_GT, +50% emissions
2013;Oil_IC_2013;In;Gas;2,565;;Like Gas_IC, +50% emissions
2013;Oil_IC_2013;Out;CO2;0,9075;;Like Gas_IC, +50% emissions
2013;Oil_IC_2013;Out;Elec;1;;Like Gas_IC, +50% emissions
2020;Oil_IC_2020;In;Gas;2,565;;Like Gas_IC, +50% emissions
2020;Oil_IC_2020;Out;CO2;0,9075;;Like Gas_IC, +50% emissions
2020;Oil_IC_2020;Out;Elec;1;;Like Gas_IC, +50% emissions
2030;Oil_IC_2030;In;Gas;2,48;;Like Gas_IC, +50% emissions
2030;Oil_IC_2030;Out;CO2;0,8775;;Like Gas_IC, +50% emissions
2030;Oil_IC_2030;Out;Elec;1;;Like Gas_IC, +50% emissions
2040;Oil_IC_2040;In;Gas;2,45;;Like Gas_IC, +50% emissions
2040;Oil_IC_2040;Out;CO2;0,87;;Like Gas_IC, +50% emissions
2040;Oil_IC_2040;Out;Elec;1;;Like Gas_IC, +50% emissions
2050;Oil_IC_2050;In;Gas;2,425;;Like Gas_IC, +50% emissions
2050;Oil_IC_2050;Out;CO2;0,85875;;Like Gas_IC, +50% emissions
2050;Oil_IC_2050;Out;Elec;1;;Like Gas_IC, +50% emissions
2016;Oil_IC_2016;In;Gas;2,565;;Like Gas_IC, +50% emissions
2016;Oil_IC_2016;Out;CO2;0,9075;;Like Gas_IC, +50% emissions
2016;Oil_IC_2016;Out;Elec;1;;Like Gas_IC, +50% emissions
2025;Oil_IC_2025;In;Gas;2,525;;Like Gas_IC, +50% emissions
2025;Oil_IC_2025;Out;CO2;0,8925;;Like Gas_IC, +50% emissions
2025;Oil_IC_2025;Out;Elec;1;;Like Gas_IC, +50% emissions
2035;Oil_IC_2035;In;Gas;2,465;;Like Gas_IC, +50% emissions
2035;Oil_IC_2035;Out;CO2;0,87375;;Like Gas_IC, +50% emissions
2035;Oil_IC_2035;Out;Elec;1;;Like Gas_IC, +50% emissions
2037;Oil_IC_2037;In;Gas;2,4575;;Like Gas_IC, +50% emissions
2037;Oil_IC_2037;Out;CO2;0,87225;;Like Gas_IC, +50% emissions
2037;Oil_IC_2037;Out;Elec;1;;Like Gas_IC, +50% emissions
2013;Oil_ST_2013;In;Gas;2,63;;Like Gas_ST, +50% emissions
2013;Oil_ST_2013;Out;CO2;0,9525;;Like Gas_ST, +50% emissions
2013;Oil_ST_2013;Out;Elec;1;;Like Gas_ST, +50% emissions
2020;Oil_ST_2020;In;Gas;2,63;;Like Gas_ST, +50% emissions
2020;Oil_ST_2020;Out;CO2;0,9525;;Like Gas_ST, +50% emissions
2020;Oil_ST_2020;Out;Elec;1;;Like Gas_ST, +50% emissions
2030;Oil_ST_2030;In;Gas;2,63;;Like Gas_ST, +50% emissions
2030;Oil_ST_2030;Out;CO2;0,9525;;Like Gas_ST, +50% emissions
2030;Oil_ST_2030;Out;Elec;1;;Like Gas_ST, +50% emissions
2040;Oil_ST_2040;In;Gas;2,63;;Like Gas_ST, +50% emissions
2040;Oil_ST_2040;Out;CO2;0,9525;;Like Gas_ST, +50% emissions
2040;Oil_ST_2040;Out;Elec;1;;Like Gas_ST, +50% emissions
2050;Oil_ST_2050;In;Gas;2,63;;Like Gas_ST, +50% emissions
2050;Oil_ST_2050;Out;CO2;0,9525;;Like Gas_ST, +50% emissions
2050;Oil_ST_2050;Out;Elec;1;;Like Gas_ST, +50% emissions
2016;Oil_ST_2016;In;Gas;2,63;;Like Gas_ST, +50% emissions
2016;Oil_ST_2016;Out;CO2;0,9525;;Like Gas_ST, +50% emissions
2016;Oil_ST_2016;Out;Elec;1;;Like Gas_ST, +50% emissions
2025;Oil_ST_2025;In;Gas;2,63;;Like Gas_ST, +50% emissions
2025;Oil_ST_2025;Out;CO2;0,9525;;Like Gas_ST, +50% emissions
2025;Oil_ST_2025;Out;Elec;1;;Like Gas_ST, +50% emissions
2035;Oil_ST_2035;In;Gas;2,63;;Like Gas_ST, +50% emissions
2035;Oil_ST_2035;Out;CO2;0,9525;;Like Gas_ST, +50% emissions
2035;Oil_ST_2035;Out;Elec;1;;Like Gas_ST, +50% emissions
2037;Oil_ST_2037;In;Gas;2,63;;Like Gas_ST, +50% emissions
2037;Oil_ST_2037;Out;CO2;0,9525;;Like Gas_ST, +50% emissions
2037;Oil_ST_2037;Out;Elec;1;;Like Gas_ST, +50% emissions
2013;Hydro_2013;In;Hydro;1;;Standard
2013;Hydro_2013;Out;Elec;1;;Standard
2020;Hydro_2020;In;Hydro;1;;Standard
2020;Hydro_2020;Out;Elec;1;;Standard
2016;Hydro_2016;In;Hydro;1;;Standard
2016;Hydro_2016;Out;Elec;1;;Standard
2025;Hydro_2025;In;Hydro;1;;Standard
2025;Hydro_2025;Out;Elec;1;;Standard
2030;Hydro_2030;In;Hydro;1;;Standard
2030;Hydro_2030;Out;Elec;1;;Standard
2035;Hydro_2035;In;Hydro;1;;Standard
2035;Hydro_2035;Out;Elec;1;;Standard
2040;Hydro_2040;In;Hydro;1;;Standard
2040;Hydro_2040;Out;Elec;1;;Standard
2037;Hydro_2037;In;Hydro;1;;Standard
2037;Hydro_2037;Out;Elec;1;;Standard
2050;Hydro_2050;In;Hydro;1;;Standard
2050;Hydro_2050;Out;Elec;1;;Standard
2045;Hydro_2045;In;Hydro;1;;Standard
2045;Hydro_2045;Out;Elec;1;;Standard
2013;Shunt_2013;In;Elec;1;;Standard
2016;Shunt_2016;In;Elec;1;;Standard
2020;Shunt_2020;In;Elec;1;;Standard
2025;Shunt_2025;In;Elec;1;;Standard
2030;Shunt_2030;In;Elec;1;;Standard
2035;Shunt_2035;In;Elec;1;;Standard
2037;Shunt_2037;In;Elec;1;;Standard
2040;Shunt_2040;In;Elec;1;;Standard
2045;Shunt_2045;In;Elec;1;;Standard
2050;Shunt_2050;In;Elec;1;;Standard
2016;Slack_2016;In;Slack;1;;Standard
2016;Slack_2016;Out;Elec;1;;Standard
2016;Slack_2016;Out;CO2;1;;Standard
2013;Solar_2013;In;Solar;1;;Standard
2013;Solar_2013;Out;Elec;1;;Standard
2020;Solar_2020;In;Solar;1;;Standard
2020;Solar_2020;Out;Elec;1;;Standard
2016;Solar_2016;In;Solar;1;;Standard
2016;Solar_2016;Out;Elec;1;;Standard
2025;Solar_2025;In;Solar;1;;Standard
2025;Solar_2025;Out;Elec;1;;Standard
2030;Solar_2030;In;Solar;1;;Standard
2030;Solar_2030;Out;Elec;1;;Standard
2035;Solar_2035;In;Solar;1;;Standard
2035;Solar_2035;Out;Elec;1;;Standard
2040;Solar_2040;In;Solar;1;;Standard
2040;Solar_2040;Out;Elec;1;;Standard
2037;Solar_2037;In;Solar;1;;Standard
2037;Solar_2037;Out;Elec;1;;Standard
2050;Solar_2050;In;Solar;1;;Standard
2050;Solar_2050;Out;Elec;1;;Standard
2045;Solar_2045;In;Solar;1;;Standard
2045;Solar_2045;Out;Elec;1;;Standard
2013;Waste_heat_2013;In;Waste_heat;14,1;;SUTD assumptions
2013;Waste_heat_2013;Out;Elec;1;;SUTD assumptions
2016;Waste_heat_2016;In;Waste_heat;14,1;;SUTD assumptions
2016;Waste_heat_2016;Out;Elec;1;;SUTD assumptions
2020;Waste_heat_2020;In;Waste_heat;14,1;;SUTD assumptions
2020;Waste_heat_2020;Out;Elec;1;;SUTD assumptions
2025;Waste_heat_2025;In;Waste_heat;14,1;;SUTD assumptions
2025;Waste_heat_2025;Out;Elec;1;;SUTD assumptions
2030;Waste_heat_2030;In;Waste_heat;14,1;;SUTD assumptions
2030;Waste_heat_2030;Out;Elec;1;;SUTD assumptions
2035;Waste_heat_2035;In;Waste_heat;14,1;;SUTD assumptions
2035;Waste_heat_2035;Out;Elec;1;;SUTD assumptions
2040;Waste_heat_2040;In;Waste_heat;14,1;;SUTD assumptions
2040;Waste_heat_2040;Out;Elec;1;;SUTD assumptions
2037;Waste_heat_2037;In;Waste_heat;14,1;;SUTD assumptions
2037;Waste_heat_2037;Out;Elec;1;;SUTD assumptions
2050;Waste_heat_2050;In;Waste_heat;14,1;;SUTD assumptions
2050;Waste_heat_2050;Out;Elec;1;;SUTD assumptions
2013;WindOn_2013;In;WindOn;1;;Standard
2013;WindOn_2013;Out;Elec;1;;Standard
2020;WindOn_2020;In;WindOn;1;;Standard
2020;WindOn_2020;Out;Elec;1;;Standard
2016;WindOn_2016;In;WindOn;1;;Standard
2016;WindOn_2016;Out;Elec;1;;Standard
2025;WindOn_2025;In;WindOn;1;;Standard
2025;WindOn_2025;Out;Elec;1;;Standard
2030;WindOn_2030;In;WindOn;1;;Standard
2030;WindOn_2030;Out;Elec;1;;Standard
2035;WindOn_2035;In;WindOn;1;;Standard
2035;WindOn_2035;Out;Elec;1;;Standard
2040;WindOn_2040;In;WindOn;1;;Standard
2040;WindOn_2040;Out;Elec;1;;Standard
2037;WindOn_2037;In;WindOn;1;;Standard
2037;WindOn_2037;Out;Elec;1;;Standard
2050;WindOn_2050;In;WindOn;1;;Standard
2050;WindOn_2050;Out;Elec;1;;Standard
2045;WindOn_2045;In;WindOn;1;;Standard
2045;WindOn_2045;Out;Elec;1;;Standard
2016_old;Battery;In;Elec;0,9;0,9;unclear
2016_old;Battery;Out;Elec;0,9;0,9;unclear
2016_old;Bioenergy;In;Bioenergy;14,1;14,1;unclear
2016_old;Bioenergy;Out;Elec;1;1;unclear
2016_old;Coal;In;Coal;10,05;10,05;unclear
2016_old;Coal;Out;CO2;1,04;1,04;unclear
2016_old;Coal;Out;Elec;1;1;unclear
2016_old;Gas_CC;In;Gas;7,65;7,65;unclear
2016_old;Gas_CC;Out;CO2;0,47;0,47;unclear
2016_old;Gas_CC;Out;Elec;1;1;unclear
2016_old;Gas_GT;In;Gas;11,21;11,21;unclear
2016_old;Gas_GT;Out;CO2;0,47;0,47;unclear
2016_old;Gas_GT;Out;Elec;1;1;unclear
2016_old;Gas_IC;In;Gas;9,18;9,18;unclear
2016_old;Gas_IC;Out;CO2;0,47;0,47;unclear
2016_old;Gas_IC;Out;Elec;1;1;unclear
2016_old;Gas_ST;In;Gas;11,21;11,21;unclear
2016_old;Gas_ST;Out;CO2;0,47;0,47;unclear
2016_old;Gas_ST;Out;Elec;1;1;unclear
2016_old;Geothermal;In;Geothermal;8,33;8,33;unclear
2016_old;Geothermal;Out;Elec;1;1;unclear
2016_old;Hydro;In;Hydro;1;1;unclear
2016_old;Hydro;Out;Elec;1;1;unclear
2016_old;Oil_GT;In;Oil;13,54;13,54;unclear
2016_old;Oil_GT;Out;CO2;0,73;0,73;unclear
2016_old;Oil_GT;Out;Elec;1;1;unclear
2016_old;Oil_IC;In;Oil;10,33;10,33;unclear
2016_old;Oil_IC;Out;CO2;0,73;0,73;unclear
2016_old;Oil_IC;Out;Elec;1;1;unclear
2016_old;Oil_ST;In;Oil;10,19;10,19;unclear
2016_old;Oil_ST;Out;CO2;0,73;0,73;unclear
2016_old;Oil_ST;Out;Elec;1;1;unclear
2016_old;Shunt;In;Elec;1;1;unclear
2016_old;Slack;In;Slack;1;1;unclear
2016_old;Slack;Out;Elec;1;1;unclear
2016_old;Slack;Out;CO2;1;1;unclear
2016_old;Solar;In;Solar;1;1;unclear
2016_old;Solar;Out;Elec;1;1;unclear
2016_old;Waste;In;Waste;14,1;14,1;unclear
2016_old;Waste;Out;Elec;1;1;unclear
2016_old;WindOn;In;WindOn;1;1;unclear
2016_old;WindOn;Out;Elec;1;1;unclear
2015_old;Battery;In;Elec;0,9;0,9;unclear
2015_old;Battery;Out;Elec;0,9;0,9;unclear
2015_old;Bioenergy;In;Bioenergy;2,86;4;unclear
2015_old;Bioenergy;Out;Elec;1;1;unclear
2015_old;Biogas;In;Biogas;1,67;2,34;unclear
2015_old;Biogas;Out;Elec;1;1;unclear
2015_old;Biomass;In;Biomass;2,86;4;unclear
2015_old;Biomass;Out;Elec;1;1;unclear
2015_old;Coal;In;Coal;2,56;3,58;unclear
2015_old;Coal;Out;CO2;0,92;0,92;unclear
2015_old;Coal;Out;Elec;1;1;unclear
2015_old;Gas;In;Gas;1,67;2,34;unclear
2015_old;Gas;Out;CO2;0,3;0,3;unclear
2015_old;Gas;Out;Elec;1;1;unclear
2015_old;Geothermal;In;Geothermal;8,33;8,33;unclear
2015_old;Geothermal;Out;Elec;1;1;unclear
2015_old;Hydro;In;Hydro;1;1;unclear
2015_old;Hydro;Out;Elec;1;1;unclear
2015_old;Hydro_Large;In;Hydro_Large;1;1;unclear
2015_old;Hydro_Large;Out;Elec;1;1;unclear
2015_old;Hydro_Small;In;Hydro_Small;1;1;unclear
2015_old;Hydro_Small;Out;Elec;1;1;unclear
2015_old;Lignite;In;Lignite;2,63;3,68;unclear
2015_old;Lignite;Out;CO2;0,99;0,99;unclear
2015_old;Lignite;Out;Elec;1;1;unclear
2015_old;Liquid biofuels;In;Liquid biofuels;3,33;4,66;unclear
2015_old;Liquid biofuels;Out;Elec;1;1;unclear
2015_old;Nuclear;In;Uranium;3,03;4,24;unclear
2015_old;Nuclear;Out;Elec;1;1;unclear
2015_old;Oil;In;Oil;3,33;4,66;unclear
2015_old;Oil;Out;CO2;1;1;unclear
2015_old;Oil;Out;Elec;1;1;unclear
2015_old;OilOther;In;Oil;3,33;4,66;unclear
2015_old;OilOther;Out;CO2;1;1;unclear
2015_old;OilOther;Out;Elec;1;1;unclear
2015_old;PumSt;In;Elec;0,92;0,92;unclear
2015_old;PumSt;Out;Elec;0,92;0,92;unclear
2015_old;Shunt;In;Elec;1;1;unclear
2015_old;Slack;In;Slack;1;1;unclear
2015_old;Slack;Out;Elec;1;1;unclear
2015_old;Solar;In;Solar;1;1;unclear
2015_old;Solar;Out;Elec;1;1;unclear
2015_old;Storage_ST;In;Elec;0,9;0,9;unclear
2015_old;Storage_ST;Out;Elec;0,9;0,9;unclear
2015_old;Tidal;In;Tidal;1;1;unclear
2015_old;Tidal;Out;Elec;1;1;unclear
2015_old;Waste;In;Waste;3,57;3,57;unclear
2015_old;Waste;Out;CO2;1,1;1,1;unclear
2015_old;Waste;Out;Elec;1;1;unclear
2015_old;WindOff;In;WindOff;1;1;unclear
2015_old;WindOff;Out;Elec;1;1;unclear
2015_old;WindOn;In;WindOn;1;1;unclear
2015_old;WindOn;Out;Elec;1;1;unclear
2020_old;Battery;In;Elec;0,9;0,9;unclear
2020_old;Battery;Out;Elec;0,9;0,9;unclear
2020_old;Biogas;In;Biogas;1,67;2,34;unclear
2020_old;Biogas;Out;CO2;0,3;0,3;unclear
2020_old;Biogas;Out;Elec;1;1;unclear
2020_old;Biomass;In;Biomass;2,85;3,99;unclear
2020_old;Biomass;Out;Elec;1;1;unclear
2020_old;Coal;In;Coal;2,17;3,04;unclear
2020_old;Coal;Out;CO2;0,88;0,88;unclear
2020_old;Coal;Out;Elec;1;1;unclear
2020_old;Gas;In;Gas;1,67;2,34;unclear
2020_old;Gas;Out;CO2;0,3;0,3;unclear
2020_old;Gas;Out;Elec;1;1;unclear
2020_old;Geothermal;In;Geothermal;8,2;8,2;unclear
2020_old;Geothermal;Out;Elec;1;1;unclear
2020_old;Hydro_Large;In;Hydro_Large;1;1;unclear
2020_old;Hydro_Large;Out;Elec;1;1;unclear
2020_old;Hydro_Small;In;Hydro_Small;1;1;unclear
2020_old;Hydro_Small;Out;Elec;1;1;unclear
2020_old;Lignite;In;Lignite;2,22;3,11;unclear
2020_old;Lignite;Out;CO2;0,95;0,95;unclear
2020_old;Lignite;Out;Elec;1;1;unclear
2020_old;Liquid biofuels;In;Liquid biofuels;3,33;4,66;unclear
2020_old;Liquid biofuels;Out;Elec;1;1;unclear
2020_old;Nuclear;In;Uranium;2,7;3,78;unclear
2020_old;Nuclear;Out;Elec;1;1;unclear
2020_old;Oil;In;Oil;3,33;4,66;unclear
2020_old;Oil;Out;CO2;1;1;unclear
2020_old;Oil;Out;Elec;1;1;unclear
2020_old;OilOther;In;Oil;3,33;4,66;unclear
2020_old;OilOther;Out;CO2;1;1;unclear
2020_old;OilOther;Out;Elec;1;1;unclear
2020_old;PumSt;In;Elec;0,92;0,92;unclear
2020_old;PumSt;Out;Elec;0,92;0,92;unclear
2020_old;Shunt;In;Elec;1;1;unclear
2020_old;Slack;In;Slack;1;1;unclear
2020_old;Slack;Out;Elec;1;1;unclear
2020_old;Solar;In;Solar;1;1;unclear
2020_old;Solar;Out;Elec;1;1;unclear
2020_old;Storage_ST;In;Elec;0,9;0,9;unclear
2020_old;Storage_ST;Out;Elec;0,9;0,9;unclear
2020_old;Tidal;In;Tidal;1;1;unclear
2020_old;Tidal;Out;Elec;1;1;unclear
2020_old;Waste;In;Waste;3,23;3,23;unclear
2020_old;Waste;Out;CO2;1,1;1,1;unclear
2020_old;Waste;Out;Elec;1;1;unclear
2020_old;WindOff;In;WindOff;1;1;unclear
2020_old;WindOff;Out;Elec;1;1;unclear
2020_old;WindOn;In;WindOn;1;1;unclear
2020_old;WindOn;Out;Elec;1;1;unclear
2030_old;Battery;In;Elec;0,9;0,9;unclear
2030_old;Battery;Out;Elec;0,9;0,9;unclear
2030_old;Biogas;In;Biogas;1,64;2,3;unclear
2030_old;Biogas;Out;CO2;0,29;0,29;unclear
2030_old;Biogas;Out;Elec;1;1;unclear
2030_old;Biomass;In;Biomass;2,82;3,95;unclear
2030_old;Biomass;Out;Elec;1;1;unclear
2030_old;Coal;In;Coal;2,13;2,98;unclear
2030_old;Coal;Out;CO2;0,86;0,86;unclear
2030_old;Coal;Out;Elec;1;1;unclear
2030_old;Gas;In;Gas;1,64;2,3;unclear
2030_old;Gas;Out;CO2;0,29;0,29;unclear
2030_old;Gas;Out;Elec;1;1;unclear
2030_old;Geothermal;In;Geothermal;8,12;8,12;unclear
2030_old;Geothermal;Out;Elec;1;1;unclear
2030_old;Hydro_Large;In;Hydro_Large;1;1;unclear
2030_old;Hydro_Large;Out;Elec;1;1;unclear
2030_old;Hydro_Small;In;Hydro_Small;1;1;unclear
2030_old;Hydro_Small;Out;Elec;1;1;unclear
2030_old;Lignite;In;Lignite;2,18;3,05;unclear
2030_old;Lignite;Out;CO2;0,93;0,93;unclear
2030_old;Lignite;Out;Elec;1;1;unclear
2030_old;Liquid biofuels;In;Liquid biofuels;3,33;4,66;unclear
2030_old;Liquid biofuels;Out;Elec;1;1;unclear
2030_old;Nuclear;In;Uranium;2,67;3,74;unclear
2030_old;Nuclear;Out;Elec;1;1;unclear
2030_old;Oil;In;Oil;3,33;4,66;unclear
2030_old;Oil;Out;CO2;1;1;unclear
2030_old;Oil;Out;Elec;1;1;unclear
2030_old;OilOther;In;Oil;3,33;4,66;unclear
2030_old;OilOther;Out;CO2;1;1;unclear
2030_old;OilOther;Out;Elec;1;1;unclear
2030_old;PumSt;In;Elec;0,92;0,92;unclear
2030_old;PumSt;Out;Elec;0,92;0,92;unclear
2030_old;Shunt;In;Elec;1;1;unclear
2030_old;Slack;In;Slack;1;1;unclear
2030_old;Slack;Out;Elec;1;1;unclear
2030_old;Solar;In;Solar;1;1;unclear
2030_old;Solar;Out;Elec;1;1;unclear
2030_old;Storage_ST;In;Elec;0,9;0,9;unclear
2030_old;Storage_ST;Out;Elec;0,9;0,9;unclear
2030_old;Tidal;In;Tidal;1;1;unclear
2030_old;Tidal;Out;Elec;1;1;unclear
2030_old;Waste;In;Waste;3,09;3,09;unclear
2030_old;Waste;Out;CO2;1,1;1,1;unclear
2030_old;Waste;Out;Elec;1;1;unclear
2030_old;WindOff;In;WindOff;1;1;unclear
2030_old;WindOff;Out;Elec;1;1;unclear
2030_old;WindOn;In;WindOn;1;1;unclear
2030_old;WindOn;Out;Elec;1;1;unclear
2040_old;Battery;In;Elec;0,9;0,9;unclear
2040_old;Battery;Out;Elec;0,9;0,9;unclear
2040_old;Biogas;In;Biogas;1,61;2,25;unclear
2040_old;Biogas;Out;CO2;0,29;0,29;unclear
2040_old;Biogas;Out;Elec;1;1;unclear
2040_old;Biomass;In;Biomass;2,71;3,79;unclear
2040_old;Biomass;Out;Elec;1;1;unclear
2040_old;Coal;In;Coal;2,08;2,91;unclear
2040_old;Coal;Out;CO2;0,84;0,84;unclear
2040_old;Coal;Out;Elec;1;1;unclear
2040_old;Gas;In;Gas;1,61;2,25;unclear
2040_old;Gas;Out;CO2;0,29;0,29;unclear
2040_old;Gas;Out;Elec;1;1;unclear
2040_old;Geothermal;In;Geothermal;7,96;7,96;unclear
2040_old;Geothermal;Out;Elec;1;1;unclear
2040_old;Hydro_Large;In;Hydro_Large;1;1;unclear
2040_old;Hydro_Large;Out;Elec;1;1;unclear
2040_old;Hydro_Small;In;Hydro_Small;1;1;unclear
2040_old;Hydro_Small;Out;Elec;1;1;unclear
2040_old;Lignite;In;Lignite;2,13;2,98;unclear
2040_old;Lignite;Out;CO2;0,91;0,91;unclear
2040_old;Lignite;Out;Elec;1;1;unclear
2040_old;Liquid biofuels;In;Liquid biofuels;3,33;4,66;unclear
2040_old;Liquid biofuels;Out;Elec;1;1;unclear
2040_old;Nuclear;In;Uranium;2,63;3,68;unclear
2040_old;Nuclear;Out;Elec;1;1;unclear
2040_old;Oil;In;Oil;3,33;4,66;unclear
2040_old;Oil;Out;CO2;1;1;unclear
2040_old;Oil;Out;Elec;1;1;unclear
2040_old;OilOther;In;Oil;3,33;4,66;unclear
2040_old;OilOther;Out;CO2;1;1;unclear
2040_old;OilOther;Out;Elec;1;1;unclear
2040_old;PumSt;In;Elec;0,92;0,92;unclear
2040_old;PumSt;Out;Elec;0,92;0,92;unclear
2040_old;Shunt;In;Elec;1;1;unclear
2040_old;Slack;In;Slack;1;1;unclear
2040_old;Slack;Out;Elec;1;1;unclear
2040_old;Solar;In;Solar;1;1;unclear
2040_old;Solar;Out;Elec;1;1;unclear
2040_old;Storage_ST;In;Elec;0,9;0,9;unclear
2040_old;Storage_ST;Out;Elec;0,9;0,9;unclear
2040_old;Tidal;In;Tidal;1;1;unclear
2040_old;Tidal;Out;Elec;1;1;unclear
2040_old;Waste;In;Waste;2,82;2,82;unclear
2040_old;Waste;Out;CO2;1,1;1,1;unclear
2040_old;Waste;Out;Elec;1;1;unclear
2040_old;WindOff;In;WindOff;1;1;unclear
2040_old;WindOff;Out;Elec;1;1;unclear
2040_old;WindOn;In;WindOn;1;1;unclear
2040_old;WindOn;Out;Elec;1;1;unclear
2050_old;Battery;In;Elec;0,9;0,9;unclear
2050_old;Battery;Out;Elec;0,9;0,9;unclear
2050_old;Biogas;In;Biogas;1,6;2,24;unclear
2050_old;Biogas;Out;CO2;0,28;0,28;unclear
2050_old;Biogas;Out;Elec;1;1;unclear
2050_old;Biomass;In;Biomass;2,63;3,68;unclear
2050_old;Biomass;Out;Elec;1;1;unclear
2050_old;Coal;In;Coal;2,08;2,91;unclear
2050_old;Coal;Out;CO2;0,84;0,84;unclear
2050_old;Coal;Out;Elec;1;1;unclear
2050_old;Gas;In;Gas;1,6;2,24;unclear
2050_old;Gas;Out;CO2;0,28;0,28;unclear
2050_old;Gas;Out;Elec;1;1;unclear
2050_old;Geothermal;In;Geothermal;7,81;7,81;unclear
2050_old;Geothermal;Out;Elec;1;1;unclear
2050_old;Hydro_Large;In;Hydro_Large;1;1;unclear
2050_old;Hydro_Large;Out;Elec;1;1;unclear
2050_old;Hydro_Small;In;Hydro_Small;1;1;unclear
2050_old;Hydro_Small;Out;Elec;1;1;unclear
2050_old;Lignite;In;Lignite;2,13;2,98;unclear
2050_old;Lignite;Out;CO2;0,91;0,91;unclear
2050_old;Lignite;Out;Elec;1;1;unclear
2050_old;Liquid biofuels;In;Liquid biofuels;3,33;4,66;unclear
2050_old;Liquid biofuels;Out;Elec;1;1;unclear
2050_old;Nuclear;In;Uranium;2,63;3,68;unclear
2050_old;Nuclear;Out;Elec;1;1;unclear
2050_old;Oil;In;Oil;3,33;4,66;unclear
2050_old;Oil;Out;CO2;1;1;unclear
2050_old;Oil;Out;Elec;1;1;unclear
2050_old;OilOther;In;Oil;3,33;4,66;unclear
2050_old;OilOther;Out;CO2;1;1;unclear
2050_old;OilOther;Out;Elec;1;1;unclear
2050_old;PumSt;In;Elec;0,92;0,92;unclear
2050_old;PumSt;Out;Elec;0,92;0,92;unclear
2050_old;Shunt;In;Elec;1;1;unclear
2050_old;Slack;In;Slack;1;1;unclear
2050_old;Slack;Out;Elec;1;1;unclear
2050_old;Solar;In;Solar;1;1;unclear
2050_old;Solar;Out;Elec;1;1;unclear
2050_old;Storage_ST;In;Elec;0,9;0,9;unclear
2050_old;Storage_ST;Out;Elec;0,9;0,9;unclear
2050_old;Tidal;In;Tidal;1;1;unclear
2050_old;Tidal;Out;Elec;1;1;unclear
2050_old;Waste;In;Waste;2,54;2,54;unclear
2050_old;Waste;Out;CO2;1,1;1,1;unclear
2050_old;Waste;Out;Elec;1;1;unclear
2050_old;WindOff;In;WindOff;1;1;unclear
2050_old;WindOff;Out;Elec;1;1;unclear
2050_old;WindOn;In;WindOn;1;1;unclear
2050_old;WindOn;Out;Elec;1;1;unclear
2060_old;Biogas;In;Biogas;1,58;2,21;unclear
2060_old;Biogas;Out;CO2;0,28;0,28;unclear
2060_old;Biogas;Out;Elec;1;1;unclear
2060_old;Biomass;In;Biomass;2,63;3,68;unclear
2060_old;Biomass;Out;Elec;1;1;unclear
2060_old;Coal;In;Coal;2,08;2,91;unclear
2060_old;Coal;Out;CO2;0,84;0,84;unclear
2060_old;Coal;Out;Elec;1;1;unclear
2060_old;Gas;In;Gas;1,58;2,21;unclear
2060_old;Gas;Out;CO2;0,28;0,28;unclear
2060_old;Gas;Out;Elec;1;1;unclear
2060_old;Geothermal;In;Geothermal;7,66;7,66;unclear
2060_old;Geothermal;Out;Elec;1;1;unclear
2060_old;Hydro_Large;In;Hydro_Large;1;1;unclear
2060_old;Hydro_Large;Out;Elec;1;1;unclear
2060_old;Hydro_Small;In;Hydro_Small;1;1;unclear
2060_old;Hydro_Small;Out;Elec;1;1;unclear
2060_old;Lignite;In;Lignite;2,13;2,98;unclear
2060_old;Lignite;Out;CO2;0,91;0,91;unclear
2060_old;Lignite;Out;Elec;1;1;unclear
2060_old;Liquid biofuels;In;Liquid biofuels;3,33;4,66;unclear
2060_old;Liquid biofuels;Out;Elec;1;1;unclear
2060_old;Nuclear;In;Uranium;2,63;3,68;unclear
2060_old;Nuclear;Out;Elec;1;1;unclear
2060_old;Oil;In;Oil;3,33;4,66;unclear
2060_old;Oil;Out;CO2;1;1;unclear
2060_old;Oil;Out;Elec;1;1;unclear
2060_old;OilOther;In;Oil;3,33;4,66;unclear
2060_old;OilOther;Out;CO2;1;1;unclear
2060_old;OilOther;Out;Elec;1;1;unclear
2060_old;Shunt;In;Elec;1;1;unclear
2060_old;Slack;In;Slack;1;1;unclear
2060_old;Slack;Out;Elec;1;1;unclear
2060_old;Solar;In;Solar;1;1;unclear
2060_old;Solar;Out;Elec;1;1;unclear
2060_old;Tidal;In;Tidal;1;1;unclear
2060_old;Tidal;Out;Elec;1;1;unclear
2060_old;Waste;In;Waste;2,38;2,38;unclear
2060_old;Waste;Out;CO2;1,1;1,1;unclear
2060_old;Waste;Out;Elec;1;1;unclear
2060_old;WindOff;In;WindOff;1;1;unclear
2060_old;WindOff;Out;Elec;1;1;unclear
2060_old;WindOn;In;WindOn;1;1;unclear
2060_old;WindOn;Out;Elec;1;1;unclear
2070_old;Biogas;In;Biogas;1,56;2,18;unclear
2070_old;Biogas;Out;CO2;0,27;0,27;unclear
2070_old;Biogas;Out;Elec;1;1;unclear
2070_old;Biomass;In;Biomass;2,63;3,68;unclear
2070_old;Biomass;Out;Elec;1;1;unclear
2070_old;Coal;In;Coal;2,08;2,91;unclear
2070_old;Coal;Out;CO2;0,84;0,84;unclear
2070_old;Coal;Out;Elec;1;1;unclear
2070_old;Gas;In;Gas;1,56;2,18;unclear
2070_old;Gas;Out;CO2;0,27;0,27;unclear
2070_old;Gas;Out;Elec;1;1;unclear
2070_old;Geothermal;In;Geothermal;7,5;7,5;unclear
2070_old;Geothermal;Out;Elec;1;1;unclear
2070_old;Hydro_Large;In;Hydro_Large;1;1;unclear
2070_old;Hydro_Large;Out;Elec;1;1;unclear
2070_old;Hydro_Small;In;Hydro_Small;1;1;unclear
2070_old;Hydro_Small;Out;Elec;1;1;unclear
2070_old;Lignite;In;Lignite;2,13;2,98;unclear
2070_old;Lignite;Out;CO2;0,91;0,91;unclear
2070_old;Lignite;Out;Elec;1;1;unclear
2070_old;Liquid biofuels;In;Liquid biofuels;3,33;4,66;unclear
2070_old;Liquid biofuels;Out;Elec;1;1;unclear
2070_old;Nuclear;In;Uranium;2,63;3,68;unclear
2070_old;Nuclear;Out;Elec;1;1;unclear
2070_old;Oil;In;Oil;3,33;4,66;unclear
2070_old;Oil;Out;CO2;1;1;unclear
2070_old;Oil;Out;Elec;1;1;unclear
2070_old;OilOther;In;Oil;3,33;4,66;unclear
2070_old;OilOther;Out;CO2;1;1;unclear
2070_old;OilOther;Out;Elec;1;1;unclear
2070_old;Shunt;In;Elec;1;1;unclear
2070_old;Slack;In;Slack;1;1;unclear
2070_old;Slack;Out;Elec;1;1;unclear
2070_old;Solar;In;Solar;1;1;unclear
2070_old;Solar;Out;Elec;1;1;unclear
2070_old;Tidal;In;Tidal;1;1;unclear
2070_old;Tidal;Out;Elec;1;1;unclear
2070_old;Waste;In;Waste;2,38;2,38;unclear
2070_old;Waste;Out;CO2;1,1;1,1;unclear
2070_old;Waste;Out;Elec;1;1;unclear
2070_old;WindOff;In;WindOff;1;1;unclear
2070_old;WindOff;Out;Elec;1;1;unclear
2070_old;WindOn;In;WindOn;1;1;unclear
2070_old;WindOn;Out;Elec;1;1;unclear
2080_old;Biogas;In;Biogas;1,54;2,16;unclear
2080_old;Biogas;Out;CO2;0,27;0,27;unclear
2080_old;Biogas;Out;Elec;1;1;unclear
2080_old;Biomass;In;Biomass;2,63;3,68;unclear
2080_old;Biomass;Out;Elec;1;1;unclear
2080_old;Coal;In;Coal;2,08;2,91;unclear
2080_old;Coal;Out;CO2;0,84;0,84;unclear
2080_old;Coal;Out;Elec;1;1;unclear
2080_old;Gas;In;Gas;1,54;2,16;unclear
2080_old;Gas;Out;CO2;0,27;0,27;unclear
2080_old;Gas;Out;Elec;1;1;unclear
2080_old;Geothermal;In;Geothermal;7,35;7,35;unclear
2080_old;Geothermal;Out;Elec;1;1;unclear
2080_old;Hydro_Large;In;Hydro_Large;1;1;unclear
2080_old;Hydro_Large;Out;Elec;1;1;unclear
2080_old;Hydro_Small;In;Hydro_Small;1;1;unclear
2080_old;Hydro_Small;Out;Elec;1;1;unclear
2080_old;Lignite;In;Lignite;2,13;2,98;unclear
2080_old;Lignite;Out;CO2;0,91;0,91;unclear
2080_old;Lignite;Out;Elec;1;1;unclear
2080_old;Liquid biofuels;In;Liquid biofuels;3,33;4,66;unclear
2080_old;Liquid biofuels;Out;Elec;1;1;unclear
2080_old;Nuclear;In;Uranium;2,63;3,68;unclear
2080_old;Nuclear;Out;Elec;1;1;unclear
2080_old;Oil;In;Oil;3,33;4,66;unclear
2080_old;Oil;Out;CO2;1;1;unclear
2080_old;Oil;Out;Elec;1;1;unclear
2080_old;OilOther;In;Oil;3,33;4,66;unclear
2080_old;OilOther;Out;CO2;1;1;unclear
2080_old;OilOther;Out;Elec;1;1;unclear
2080_old;Shunt;In;Elec;1;1;unclear
2080_old;Slack;In;Slack;1;1;unclear
2080_old;Slack;Out;Elec;1;1;unclear
2080_old;Solar;In;Solar;1;1;unclear
2080_old;Solar;Out;Elec;1;1;unclear
2080_old;Tidal;In;Tidal;1;1;unclear
2080_old;Tidal;Out;Elec;1;1;unclear
2080_old;Waste;In;Waste;2,38;2,38;unclear
2080_old;Waste;Out;CO2;1,1;1,1;unclear
2080_old;Waste;Out;Elec;1;1;unclear
2080_old;WindOff;In;WindOff;1;1;unclear
2080_old;WindOff;Out;Elec;1;1;unclear
2080_old;WindOn;In;WindOn;1;1;unclear
2080_old;WindOn;Out;Elec;1;1;unclear
2090_old;Biogas;In;Biogas;1,52;2,13;unclear
2090_old;Biogas;Out;CO2;0,26;0,26;unclear
2090_old;Biogas;Out;Elec;1;1;unclear
2090_old;Biomass;In;Biomass;2,63;3,68;unclear
2090_old;Biomass;Out;Elec;1;1;unclear
2090_old;Coal;In;Coal;2,08;2,91;unclear
2090_old;Coal;Out;CO2;0,84;0,84;unclear
2090_old;Coal;Out;Elec;1;1;unclear
2090_old;Gas;In;Gas;1,52;2,13;unclear
2090_old;Gas;Out;CO2;0,26;0,26;unclear
2090_old;Gas;Out;Elec;1;1;unclear
2090_old;Geothermal;In;Geothermal;7,2;7,2;unclear
2090_old;Geothermal;Out;Elec;1;1;unclear
2090_old;Hydro_Large;In;Hydro_Large;1;1;unclear
2090_old;Hydro_Large;Out;Elec;1;1;unclear
2090_old;Hydro_Small;In;Hydro_Small;1;1;unclear
2090_old;Hydro_Small;Out;Elec;1;1;unclear
2090_old;Lignite;In;Lignite;2,13;2,98;unclear
2090_old;Lignite;Out;CO2;0,91;0,91;unclear
2090_old;Lignite;Out;Elec;1;1;unclear
2090_old;Liquid biofuels;In;Liquid biofuels;3,33;4,66;unclear
2090_old;Liquid biofuels;Out;Elec;1;1;unclear
2090_old;Nuclear;In;Uranium;2,63;3,68;unclear
2090_old;Nuclear;Out;Elec;1;1;unclear
2090_old;Oil;In;Oil;3,33;4,66;unclear
2090_old;Oil;Out;CO2;1;1;unclear
2090_old;Oil;Out;Elec;1;1;unclear
2090_old;OilOther;In;Oil;3,33;4,66;unclear
2090_old;OilOther;Out;CO2;1;1;unclear
2090_old;OilOther;Out;Elec;1;1;unclear
2090_old;Shunt;In;Elec;1;1;unclear
2090_old;Slack;In;Slack;1;1;unclear
2090_old;Slack;Out;Elec;1;1;unclear
2090_old;Solar;In;Solar;1;1;unclear
2090_old;Solar;Out;Elec;1;1;unclear
2090_old;Tidal;In;Tidal;1;1;unclear
2090_old;Tidal;Out;Elec;1;1;unclear
2090_old;Waste;In;Waste;2,38;2,38;unclear
2090_old;Waste;Out;CO2;1,1;1,1;unclear
2090_old;Waste;Out;Elec;1;1;unclear
2090_old;WindOff;In;WindOff;1;1;unclear
2090_old;WindOff;Out;Elec;1;1;unclear
2090_old;WindOn;In;WindOn;1;1;unclear
2090_old;WindOn;Out;Elec;1;1;unclear
2100_old;Biogas;In;Biogas;1,5;2,1;unclear
2100_old;Biogas;Out;CO2;0,25;0,25;unclear
2100_old;Biogas;Out;Elec;1;1;unclear
2100_old;Biomass;In;Biomass;2,63;3,68;unclear
2100_old;Biomass;Out;Elec;1;1;unclear
2100_old;Coal;In;Coal;2,08;2,91;unclear
2100_old;Coal;Out;CO2;0,84;0,84;unclear
2100_old;Coal;Out;Elec;1;1;unclear
2100_old;Gas;In;Gas;1,5;2,1;unclear
2100_old;Gas;Out;CO2;0,25;0,25;unclear
2100_old;Gas;Out;Elec;1;1;unclear
2100_old;Geothermal;In;Geothermal;7,04;7,04;unclear
2100_old;Geothermal;Out;Elec;1;1;unclear
2100_old;Hydro_Large;In;Hydro_Large;1;1;unclear
2100_old;Hydro_Large;Out;Elec;1;1;unclear
2100_old;Hydro_Small;In;Hydro_Small;1;1;unclear
2100_old;Hydro_Small;Out;Elec;1;1;unclear
2100_old;Lignite;In;Lignite;2,13;2,98;unclear
2100_old;Lignite;Out;CO2;0,91;0,91;unclear
2100_old;Lignite;Out;Elec;1;1;unclear
2100_old;Liquid biofuels;In;Liquid biofuels;3,33;4,66;unclear
2100_old;Liquid biofuels;Out;Elec;1;1;unclear
2100_old;Nuclear;In;Uranium;2,63;3,68;unclear
2100_old;Nuclear;Out;Elec;1;1;unclear
2100_old;Oil;In;Oil;3,33;4,66;unclear
2100_old;Oil;Out;CO2;1;1;unclear
2100_old;Oil;Out;Elec;1;1;unclear
2100_old;OilOther;In;Oil;3,33;4,66;unclear
2100_old;OilOther;Out;CO2;1;1;unclear
2100_old;OilOther;Out;Elec;1;1;unclear
2100_old;Shunt;In;Elec;1;1;unclear
2100_old;Slack;In;Slack;1;1;unclear
2100_old;Slack;Out;Elec;1;1;unclear
2100_old;Solar;In;Solar;1;1;unclear
2100_old;Solar;Out;Elec;1;1;unclear
2100_old;Tidal;In;Tidal;1;1;unclear
2100_old;Tidal;Out;Elec;1;1;unclear
2100_old;Waste;In;Waste;2,38;2,38;unclear
2100_old;Waste;Out;CO2;1,1;1,1;unclear
2100_old;Waste;Out;Elec;1;1;unclear
2100_old;WindOff;In;WindOff;1;1;unclear
2100_old;WindOff;Out;Elec;1;1;unclear
2100_old;WindOn;In;WindOn;1;1;unclear
2100_old;WindOn;Out;Elec;1;1;unclear
